city_id,deaths_avoided,lower,upper,pm25_observed,pm25_no_depopulation,pm25_change
110000,334.120489446433,324.637561795157,345.06377359869,35.3569808579869,36.0403711961637,-0.6833903381768
120000,223.622417108817,217.501526495804,230.696095486497,45.2378249527158,46.029764804055,-0.791939851339201
130100,99.3782863500775,96.6841242487664,102.491459984339,49.3783042215998,49.9156938849632,-0.537389663363399
130200,197.416397217493,192.182328002533,203.47525448255,41.2715987057364,42.4446905910556,-1.1730918853192
130300,110.942702719955,108.007999033415,114.334114084015,35.3360910890741,36.7983807908616,-1.4622897017875
130400,69.7635270752436,67.8765465279394,71.9443724021455,53.285820586741,53.8030736650013,-0.517253078260296
130500,56.6022540803915,55.0812336502911,58.3621583497236,51.6112380352929,52.124710688618,-0.513472653325103
130600,119.925085540109,116.745504866058,123.601939026541,43.8418113110291,44.4066514278566,-0.564840116827504
130700,56.8490250675016,55.3624538238264,58.5662429599703,26.7779352092453,27.2344651068716,-0.4565298976263
130800,80.3009825400501,78.1731529453616,82.7709445708987,26.208346411397,27.1552027191645,-0.946856307767501
130900,78.2042526193793,76.1455763689602,80.5809909843638,48.4032387247743,49.0113013807368,-0.608062655962506
131000,62.8095867204543,61.1164729842196,64.7722881570634,45.8715866167542,46.6051539026604,-0.733567285906197
131100,42.7360504101877,41.6098273847619,44.0369809266845,50.7690683326224,51.3131128726853,-0.544044540062899
140100,45.3935050234393,44.1052750748076,46.8833145683539,38.1905281672057,38.6541836227446,-0.463655455538898
140200,31.3590958162147,30.5087296386785,32.3424342541388,29.8290859413444,30.2364183028998,-0.407332361555401
140300,12.0467948768241,11.7295146644943,12.4150842441433,39.1417860494198,39.5776363048723,-0.4358502554525
140400,29.6692332154971,28.8903167532425,30.5757487470422,40.9891015833915,41.49988214668,-0.510780563288499
140500,22.5877558530077,22.0088050426617,23.2636259534181,42.3311228467202,42.9069893615337,-0.575866514813498
140600,14.2713130322639,13.8778203364553,14.7263828846657,31.0693753754433,31.4748860652488,-0.405510689805499
140700,31.0653156639769,30.2305970873464,32.0319186292484,39.0708765740523,39.5338958069412,-0.463019232888904
140800,104.617881215902,101.854465963239,107.811023609206,47.8848243647004,49.0885574642064,-1.203733099506
140900,28.3874066375652,27.623836161305,29.2698545220351,32.0384878778986,32.4410994863817,-0.402611608483099
141000,56.966328795546,55.4357890102694,58.740113680648,41.5651287296916,42.366834717292,-0.8017059876004
141100,34.4225590411304,33.4905253584007,35.5032579918956,35.6011281926825,36.1457921433505,-0.544663950667996
150100,35.4654201119467,34.4962106301163,36.5887245259282,31.0898422547591,31.5872061979192,-0.497363943160103
150200,33.156595081349,32.2639698548164,34.1873119825267,27.2383118656384,27.715043403935,-0.476731538296598
150300,7.2320382093742,7.03741503075278,7.4578438942539,35.4614656968734,36.1309601161844,-0.669494419311
150400,148.430340118697,144.54755729625,152.94774675095,22.8880216317052,24.3920188141774,-1.5039971824722
150500,154.323927379329,150.221503739027,159.106742045604,28.4937357698645,31.2128034130099,-2.7190676431454
150600,21.959987601038,21.3584531303863,22.6612240866399,31.0032638657095,31.568040059016,-0.5647761933065
150700,131.430016342874,127.86650590396,135.561329389058,16.5281142076837,18.4364520826646,-1.9083378749809
150800,19.138581183435,18.6373530211921,19.7205516530498,30.4886436045824,31.0050393063728,-0.516395701790401
150900,16.9162102565931,16.4774625422092,17.4234064924064,24.3746564213413,24.6463516795886,-0.271695258247302
210100,825.423073721676,802.623217913969,851.753629663748,39.792075189897,43.8010994913433,-4.0090243014463
210200,541.213929725732,526.372587853708,558.315978136315,33.1305099185892,35.7953001775171,-2.6647902589279
210300,302.288334114007,294.158613496368,311.666837792453,34.6958591887728,37.8727667025375,-3.1769075137647
210400,188.326929372383,183.272052004138,194.165713598092,30.2710214778864,33.3737997019879,-3.1027782241015
210500,124.083842568971,120.774101496853,127.908630133045,28.5468783671338,31.4705260946615,-2.9236477275277
210600,203.48426328132,198.092025436508,209.707659217787,28.8803824161294,31.7682238544993,-2.8878414383699
210700,234.323987316515,228.148590403459,241.448004728952,37.1398222355451,40.2183909627422,-3.0785687271971
210800,196.406785397809,191.176625416314,202.444277261072,35.3273206144965,38.5625404517236,-3.2352198372271
210900,131.204490489282,127.744624857291,135.203886612976,33.3822154187907,36.3278733278673,-2.9456579090766
211000,155.858967997787,151.803136186945,160.540428641525,37.5104934698819,41.073879311351,-3.5633858414691
211100,106.5757333404,103.798666124158,109.792577144758,38.2273106129575,41.7331738753896,-3.5058632624321
211200,224.667552981825,218.845822085757,231.412104411389,36.0668432552126,39.6645015036021,-3.59765824838949
211300,164.001004528471,159.713017776499,168.961640570093,31.528813566263,33.7454111586736,-2.2165975924106
211400,139.267305743396,135.587032216444,143.516908185563,33.9084017504123,36.0527884765403,-2.144386726128
220100,773.953521860327,753.074355133505,798.123396845631,39.0103958569659,43.1936130708196,-4.1832172138537
220200,323.65174291993,315.099536799682,333.54798024039,31.9753840458087,35.3071173479639,-3.3317333021552
220300,159.342215686682,155.144489287715,164.20942839444,36.2222174618065,39.8576237859697,-3.6354063241632
220400,94.9502049405642,92.4541094389926,97.8471312466983,34.4689726624732,38.2166748309668,-3.7477021684936
220500,146.068265315363,142.251754250562,150.499334278052,28.6023059619722,31.5902190506029,-2.9879130886307
220600,82.0250034791864,79.8251351433413,84.5638227396967,24.5411762470718,27.1604716817437,-2.6192954346719
220700,172.505640509137,167.959077281028,177.79372605554,33.4920222065242,37.0383310880689,-3.5463088815447
220800,110.448427367854,107.549500601645,113.81331085227,27.7134795689902,30.4439778432669,-2.7304982742767
230100,821.159220946424,798.969737925023,846.852870075401,32.1820085879075,35.706763267958,-3.52475468005051
230200,311.994924919818,303.75762068585,321.548507191626,25.5650380231828,28.3404385826071,-2.7754005594243
230300,128.636723494018,125.192824854689,132.614450464215,24.6394355873247,27.3004436083642,-2.6610080210395
230400,69.3397274302171,67.4627299073953,71.5084921810548,21.5125753118395,23.8317898326376,-2.3192145207981
230500,97.2849897583965,94.6580760461543,100.32130134198,23.9417569665604,26.5135593434797,-2.5718023769193
230600,213.006970598183,207.398555425776,219.513925187027,29.7445978238702,33.0521066220688,-3.3075087981986
230700,72.5915173048038,70.6132834396154,74.8743755364127,18.5935980571327,20.6835187966747,-2.089920739542
230800,155.95720727618,151.81236754139,160.765100164839,24.9715864094793,27.6580159525281,-2.6864295430488
230900,48.3396500324777,47.0642976261145,49.8230962329345,24.1411855763637,26.8052769402259,-2.6640913638622
231000,190.744496739382,185.58661268804,196.699425679242,23.0209222523651,25.6023338796726,-2.5814116273075
231100,83.8615674369657,81.671756649258,86.4020907256344,18.8200207115367,20.9795468693698,-2.1595261578331
231200,313.773680685543,305.569845467204,323.305511218288,31.123657683399,34.5523232020111,-3.4286655186121
310000,194.483470517606,188.835164724132,200.989267396559,28.5869947336518,28.8571071442119,-0.270112410560099
320100,72.6408015044459,70.6032319692345,74.988587233755,34.6032230914978,34.9458487088089,-0.3426256173111
320200,58.9653214541156,57.3354897820123,60.8448694586699,34.1207871311683,34.4554668912622,-0.334679760093898
320300,83.483255127841,81.1408146841371,86.1694813303125,48.8227112525836,49.2768212006589,-0.454109948075299
320400,44.2451964985693,43.0279028555295,45.6491262883868,36.3409789249314,36.7012907421683,-0.360311817236898
320500,83.4939928169927,81.12538664453,86.2257555337246,32.0076941123163,32.3168284358653,-0.309134323548996
320600,108.770392320789,105.758996861719,112.212780859402,31.2878847274971,31.6547947476196,-0.3669100201225
320700,42.856613476267,41.6755804408964,44.2155740198989,40.3134359212193,40.7458990520298,-0.432463130810497
320800,50.064668903465,48.7113598686984,51.6210936231217,39.6125571783113,40.0591170970519,-0.446559918740604
320900,61.4681345836047,59.8294657038817,63.350779547313,34.0333431662888,34.3274985755628,-0.294155409273998
321000,67.8309373091401,66.0190272268096,69.9109297797389,37.1759330570611,37.6804805935538,-0.504547536492702
321100,33.2654157264424,32.3648869607148,34.3040883492984,36.7723177387094,37.1648286140977,-0.392510875388304
321200,44.0395741738717,42.8459741908041,45.4052881257107,35.9934457054643,36.281417779077,-0.2879720736127
321300,45.5900368282017,44.3245125516836,47.0433006417142,42.7574525020604,43.2011234519159,-0.443670949855495
330100,58.1008204912424,56.433485460381,60.0293730387822,25.219052164818,25.4313470199167,-0.212294855098701
330200,43.5893172543017,42.3542081401324,45.0185443067952,22.8846856260415,23.0687431745423,-0.1840575485008
330300,37.3220630214809,36.2548133371321,38.5549053316584,20.8554140772342,21.0088948763888,-0.1534807991546
330400,34.9461944153025,33.9758260581837,36.0669292763268,29.7636226904035,30.0274339946384,-0.263811304234899
330500,24.2453391562529,23.5745289041365,25.0200688544867,29.2293671158011,29.4934344643884,-0.2640673485873
330600,31.7864632146799,30.9098626742194,32.7980680081519,25.3129488403836,25.5177641588777,-0.204815318494099
330700,31.0654546973832,30.1816071579926,32.0870189694079,24.1122644435836,24.3031191555225,-0.190854711938897
330800,15.1876857119579,14.7711557390614,15.6676806043713,23.12594101512,23.3157421493936,-0.189801134273601
330900,7.41546342138203,7.20892493645642,7.65412225529076,23.1542326784509,23.346176178885,-0.1919435004341
331000,31.9070761290041,31.0029393813167,32.9488027244815,21.6347873935781,21.7989609330706,-0.164173539492499
331100,12.7681571005706,12.4092031583738,13.1818747186662,20.1601530354043,20.3131762777083,-0.153023242304002
340100,64.7174456734959,62.9110227617507,66.7960546477412,36.0719691699866,36.4283238390039,-0.3563546690173
340200,29.0297826064035,28.2565157410961,29.9182869346605,33.4601192748921,33.7693634701982,-0.3092441953061
340300,30.1057967546536,29.2723196139655,31.0603545900952,43.9532311247386,44.3832757032103,-0.430044578471701
340400,31.5674176944509,30.7058940450855,32.5546630610187,43.2479711000515,43.684332429868,-0.436361329816499
340500,19.5998455239728,19.0723772990488,20.2051833313616,34.7339011844409,35.0626438962509,-0.328742711809994
340600,17.4148111958453,16.9204920211579,17.9804920661312,47.8938410943406,48.3429994939528,-0.449158399612202
340700,11.5776718261846,11.271940521487,11.9289297015872,33.3662653067468,33.6817471308755,-0.315481824128703
340800,37.5500451252264,36.5641579008395,38.6843600431821,29.7621462578714,30.0851889724297,-0.323042714558301
341000,8.75074438093859,8.5157362113968,9.02228001139622,22.0384758112407,22.2357509440831,-0.1972751328424
341100,37.1951885615486,36.1680225863826,38.3757373050424,37.8261044470505,38.2029554869504,-0.376851039899904
341200,77.8690198605275,75.7104978714019,80.341789016069,46.887928223697,47.3886089919218,-0.500680768224797
341300,48.8622550122483,47.4794216771508,50.4440543810428,47.0911413761014,47.5274927056481,-0.436351329546703
341500,42.5645805945159,41.4458162947623,43.8517003601377,33.7582243946556,34.1320804826955,-0.373856088039901
341600,43.9307401924462,42.7076703314204,45.3314573119762,48.085354751007,48.5601887627745,-0.474834011767499
341700,9.76386000890617,9.50749735804512,10.0600146422833,27.3758933964023,27.6347411088751,-0.2588477124728
341800,18.9878478315723,18.4871534838069,19.5656118481487,27.6431695238708,27.8935629472036,-0.250393423332799
350100,30.2694570444107,29.4137691649588,31.2574829751318,19.4587643384347,19.6059454505181,-0.147181112083398
350200,12.3197733560859,11.9543177951011,12.7458360268202,20.4822797278218,20.6520540586605,-0.169774330838699
350300,12.461942138391,12.1084588248255,12.8693288694443,19.3358584015379,19.4846940118882,-0.1488356103503
350400,12.8927396623011,12.5408774646923,13.2981842126694,19.7593447640796,19.9332180772424,-0.173873313162801
350500,27.5847167449855,26.785384806337,28.5113728993436,19.8170353376932,19.975291867061,-0.158256529367801
350600,24.9245622567795,24.2299759556336,25.7270049854714,20.7037679966067,20.8936346787148,-0.1898666821081
350700,13.531705181679,13.1644320665521,13.9556346234929,20.0247643527449,20.1874038758017,-0.1626395230568
350800,15.0751456782165,14.6559846774426,15.5576224805811,19.8463787975375,20.0378239674814,-0.191445169943901
350900,12.3444336903967,11.9999887973408,12.7426881615581,19.4565872120816,19.600777077332,-0.1441898652504
360100,40.617800856585,39.4811389013581,41.9291857494899,30.8251270671434,31.1746581491065,-0.3495310819631
360200,7.80564612134831,7.59492284186593,8.04981751507206,24.6044038781833,24.8314842955873,-0.227080417403997
360300,15.6742938853534,15.2562671674313,16.1576526030669,25.6981252393869,26.0587319019349,-0.360606662548001
360400,37.2625413979556,36.2556086302616,38.425787030553,28.1238517970696,28.4919144394589,-0.368062642389297
360500,9.77091173870886,9.50409537289688,10.0787631375699,28.783816334517,29.1504832597867,-0.366666925269701
360600,6.10431329426814,5.93988534237457,6.29461325345469,26.1309940243374,26.3712616245935,-0.2402676002561
360700,42.9900113333706,41.8157025010361,44.3455074354329,21.642091730839,21.8592734984156,-0.217181767576601
360800,31.4848843556181,30.637105523274,32.4623852683812,25.1246848401653,25.4289248160758,-0.304239975910498
360900,40.2991155021589,39.1935427681091,41.5759380052787,27.6276930333547,27.9850612639486,-0.357368230593902
361000,19.142284607789,18.6228390273842,19.7424566793861,23.9115681488616,24.1500745204879,-0.238506371626301
361100,32.546918154496,31.6729684175299,33.5570232401768,25.1824370431361,25.4053647261361,-0.222927682999998
370100,79.3372663923468,77.1722144781149,81.8354913710809,48.3491290401856,48.8117821639419,-0.462653123756297
370200,107.695163611078,104.676896924783,111.17514270512,38.4850459021667,38.9631558759149,-0.478109973748197
370300,50.5452757158682,49.1662124234419,52.1344528587349,47.0527535012871,47.5291952016811,-0.476441700393998
370400,33.5090183321065,32.5759832166558,34.5811175321534,51.3492699509782,51.8246763997007,-0.475406448722502
370500,25.0540597112145,24.3904731889255,25.8192633334564,45.3748050879829,45.9446272626945,-0.569822174711604
370600,119.717574941691,116.487383688078,123.437937482044,33.9731442907808,34.5592930626778,-0.586148771897001
370700,99.0167722065384,96.3190802968498,102.128205897139,44.7005791956315,45.1855675339699,-0.484988338338404
370800,72.7209055230662,70.7226748034146,75.0217047225408,51.5649600693797,52.0369941047455,-0.472034035365802
370900,50.6264322036914,49.2553716423251,52.2069736457534,50.096684430404,50.5593206904388,-0.462636260034806
371000,50.4333057971052,49.0724463974271,51.9998256390852,26.9460782892129,27.4688373281247,-0.522759038911801
371100,29.2317938790416,28.4281473280621,30.1571032806518,40.5825896549138,40.9987130902647,-0.416123435350904
371300,97.2408596513087,94.5425412192778,100.345734632174,45.3206884684586,45.759896260186,-0.439207791727398
371400,53.4829106337758,52.0522772640033,55.1335331770293,49.5689431791155,50.0764873671141,-0.507544187998597
371500,49.7463614148798,48.3941795037602,51.3045692680412,53.5018772647934,54.0025636774269,-0.500686412633499
371600,43.520216530138,42.3526321481628,44.8672977767726,47.5827892499199,48.1258514510974,-0.543062201177499
371700,77.9398713297063,75.7568177875045,80.4458463358673,53.0344353492504,53.5294897247532,-0.495054375502797
410100,98.0585521528419,95.2775721060549,101.272832832389,51.6875996928005,52.3190643244703,-0.6314646316698
410200,46.9828426878636,45.6798181095289,48.4820527332229,53.605335550587,54.1737970944727,-0.568461543885697
410300,110.44934850129,107.416481541712,113.948070847098,43.0420744711961,43.8755707107431,-0.833496239546996
410400,66.6804172327977,64.8450873854693,68.7925118015086,48.6561380587263,49.3798612445687,-0.723723185842403
410500,38.3660319357783,37.3355033222265,39.5538518548741,54.0573395864885,54.5137662169281,-0.456426630439594
410600,10.4602996745862,10.1772821946155,10.7871938450881,55.6177853015221,56.0890378580912,-0.471252556569105
410700,54.3756412907525,52.8847617721022,56.0913190640526,52.9676075439275,53.5043794431883,-0.536771899260799
410800,38.5292366078128,37.4802497083422,39.7407206571288,53.1476727113519,53.8205800086377,-0.672907297285796
410900,28.8052417979932,28.029215859755,29.6983382789414,55.4196980512568,55.9328230104721,-0.513124959215297
411000,52.5635247222376,51.116343806073,54.2289513988409,52.2407342868941,52.8914226463868,-0.650688359492698
411100,30.9812796381834,30.112466924684,31.980052641059,52.6319950712647,53.2959823644638,-0.663987293199106
411200,41.5674473061463,40.4682970642676,42.8404099106467,37.9838446956369,38.9737549679748,-0.989910272337902
411300,160.525796261337,156.253214676321,165.442775236902,43.5520202034593,44.4103032934239,-0.858283089964601
411400,70.5347622596141,68.544823217661,72.8155893256771,51.1428815138232,51.6432552528427,-0.500373739019501
411500,70.5305027350906,68.7074017314087,72.6296885312654,39.2091355970901,39.7452119638561,-0.536076366765997
411600,94.6129068610717,92.0245991882758,97.5812353616959,50.6072039852912,51.1699398396077,-0.5627358543165
411700,91.5075997316722,89.0046868071211,94.3785884050792,46.5856882752402,47.2125722181482,-0.626883942908002
420100,145.755449730142,141.741874613463,150.403372967155,35.6117727414383,36.2331311468114,-0.621358405373101
420200,23.1389118106244,22.5190353906241,23.8546676882707,32.4477122579613,32.9137415521372,-0.466029294175904
420300,75.9427899585983,73.9678504636663,78.2331826050131,28.8192441071922,29.8706680970645,-1.0514239898723
420500,101.399632604353,98.6653014037199,104.557680408893,29.2075321958591,30.0984086880875,-0.890876492228401
420600,109.439424715831,106.513967488981,112.822009880691,37.877779573976,38.8222389817254,-0.944459407749399
420700,12.0098903080138,11.6881144468552,12.3819128347732,35.9782297385834,36.5230415460804,-0.544811807496998
420800,48.190741218563,46.9077084527314,49.6755135256907,38.7428340428106,39.5146140377892,-0.771779994978601
420900,52.1077415319658,50.7185143673041,53.7096445085146,36.4786484844034,37.0045385579352,-0.525890073531798
421000,101.678413606958,98.9556441453759,104.817898264887,37.5706773025607,38.326117263929,-0.755439961368296
421100,62.7168347732124,61.090510359548,64.5950202808915,31.6378794598437,32.0699509599205,-0.432071500076798
421200,27.4745108920435,26.7271328830028,28.3404540996211,29.2600848966184,29.7492653104619,-0.489180413843499
421300,35.517244101473,34.5681751516509,36.6149248239157,37.1726163210989,37.9402676056283,-0.7676512845294
430100,107.567563616015,104.61423755169,110.984367717409,31.1677906100993,31.7319041994683,-0.564113589369001
430200,37.7032564646185,36.6917323493669,38.8714783972785,26.9136608882877,27.2932322407233,-0.379571352435598
430300,42.8613267330392,41.7192128252799,44.1746312009479,32.4605590526396,33.0449019128398,-0.584342860200195
430400,71.9964897143128,70.0576861109288,74.2357864451882,30.679373493901,31.1313593317719,-0.4519858378709
430500,83.4944225354186,81.237494224785,86.0888534603309,26.448746748156,26.9076825658669,-0.458935817710898
430600,80.348365334745,78.1970965399678,82.8306256675329,32.0835216013879,32.7261624249364,-0.642640823548497
430700,126.51572032446,123.151991285299,130.38451282212,34.2513526213822,35.0511696569145,-0.7998170355323
430800,36.3395357094228,35.3816654094222,37.4418947116465,24.7234940503503,25.5289709351019,-0.805476884751599
430900,69.4479388008696,67.5709882119269,71.6048192913261,32.8296094322414,33.4543166661766,-0.624707233935204
431000,29.132671103031,28.3294923451539,30.060647179438,23.6127319707261,23.8742046893726,-0.261472718646502
431100,41.0863706815212,39.9737620064618,42.3678668349066,26.2781671430879,26.5803918079062,-0.302224664818301
431200,73.3112047381763,71.3423249358742,75.5777299635545,25.2384754392309,25.7961817260616,-0.557706286830701
431300,57.5978635222339,56.0491070069041,59.3783240750396,29.3373075546271,29.9421737521082,-0.604866197481101
440100,43.4892669373472,42.2021633477084,44.9814514735782,22.7705422839431,22.9079714414173,-0.137429157474198
440200,14.7351644885505,14.322154564622,15.210958163597,22.1267785779439,22.3170549574085,-0.190276379464603
440300,18.2850760382318,17.6951195556312,18.9827431469398,20.2294621524324,20.3489844051727,-0.1195222527403
440400,4.08335963620075,3.96424149449489,4.2225186106333,19.953797360976,20.0618559877855,-0.108058626809498
440500,23.7188400163286,23.0406466346937,24.5017020921712,20.5781335765677,20.7725673991374,-0.1944338225697
440600,19.4765547229064,18.9068724164898,20.1403452993011,23.084285711584,23.2163202330875,-0.132034521503503
440700,13.9644371601009,13.5716990822714,14.4184026840784,20.721526837349,20.8322523373628,-0.1107255000138
440800,20.4085894201952,19.8163330413976,21.0875730758864,21.0823527576551,21.1912591318474,-0.108906374192298
440900,18.4488735250262,17.9248694847377,19.0498478802144,21.4250440456934,21.5388372395902,-0.1137931938968
441200,13.6575099997643,13.2725739218431,14.100954276275,23.2899585050778,23.4314301902653,-0.141471685187501
441300,14.1293528954242,13.7041165668298,14.6231495909906,20.959869136061,21.1010245900894,-0.1411554540284
441400,12.9017096683816,12.5315897455745,13.3267927372542,21.1132875914642,21.2216779407665,-0.108390349302301
441500,10.562807155747,10.2585068448716,10.9130600304997,19.4937589727667,19.6562351951165,-0.162476222349802
441600,13.9067429166118,13.5082388133732,14.3646861967845,21.0198772544877,21.2068416038824,-0.1869643493947
441700,7.81771098566488,7.59195596050258,8.07733600881097,20.1923969404844,20.2990131055524,-0.106616165068001
441800,15.9620811010231,15.5077006204728,16.4859545598346,22.9569592799532,23.1247790853282,-0.167819805375
441900,13.3116370232734,12.8805621945235,13.8202631223919,22.6193135122866,22.7516790980518,-0.1323655857652
442000,6.8673644797285,6.66158527391954,7.10813757900763,20.3397238399906,20.451274907459,-0.111551067468397
445100,14.8915744359975,14.4730590314397,15.3749724204609,21.7431728067069,21.9642799897143,-0.221107183007398
445200,26.1877375909674,25.4393703677407,27.0490236968464,21.3150905387372,21.5160804251398,-0.200989886402603
445300,7.50377699909503,7.29352806380869,7.74554396211344,21.7920577414313,21.9135078608904,-0.121450119459102
450100,31.160678297483,30.2801827497152,32.1759451105907,25.4546334656197,25.6288320956087,-0.174198629989
450200,24.8389376365623,24.1438372761298,25.6409821441356,24.3570540998381,24.6057858203097,-0.2487317204716
450300,32.7889896790104,31.8807459144752,33.8353538576983,24.2045801454993,24.4438196509204,-0.2392395054211
450400,10.3263298256487,10.0351124851253,10.6613623782896,24.1856716610739,24.3343459738293,-0.1486743127554
450500,5.92429498417208,5.75337587654065,6.12080379995095,24.1435018610166,24.2760581798396,-0.132556318822999
450600,3.28825617454572,3.19342576541755,3.39778934760378,22.9497941377952,23.0960429896152,-0.146248851819998
450700,10.6065709016102,10.3095436994714,10.9483891619752,24.5162252877212,24.659075708448,-0.142850420726802
450800,16.2619339854257,15.8003126456936,16.7920721572133,26.0577622555444,26.2195110730283,-0.1617488174839
450900,17.6680033630925,17.1744535734448,18.2353058201628,24.0301229963918,24.1644484522701,-0.134325455878301
451000,38.999223629431,37.9233091876887,40.2362118363118,23.0444198956241,23.500004243092,-0.455584347467902
451100,8.87854713271534,8.6265521762269,9.16815910033709,23.9424727725556,24.1182994241653,-0.1758266516097
451200,30.2417389509458,29.3995879476554,31.2094600240102,23.0938537083426,23.4395912470184,-0.345737538675799
451300,9.64135671880931,9.36786447060015,9.95605950540486,25.7198357964809,25.9015902249221,-0.181754428441199
451400,9.30775819946756,9.05040654166473,9.60401334784996,24.0022094436904,24.1788537176499,-0.1766442739595
460100,4.97807540820448,4.83042301495751,5.14875532817488,14.8081855990242,14.8807686073795,-0.0725830083552985
460200,1.32719089164775,1.28880292145131,1.37195433156626,14.5286887289489,14.596202913437,-0.0675141844881004
500000,1878.50229662145,1828.30847155638,1936.19676104916,27.5077893273442,29.5822468284329,-2.0744575010887
510100,1362.24005278605,1324.58370813842,1405.59411624879,33.1113073423525,36.073006346005,-2.96169900365251
510300,246.486045783212,239.814875108298,254.131858602063,36.7936983274998,39.9701526811255,-3.1764543536257
510400,37.7579309031664,36.7835188541753,38.8744821653703,20.4130285296641,21.4220162702115,-1.0089877405474
510500,280.385785859054,272.863696488102,289.033794972858,29.8268201388358,32.1691617313254,-2.3423415924896
510600,287.690370389658,280.028171749627,296.496631008788,32.692551329007,35.4048680846731,-2.71231675566609
510700,350.04694894161,340.825447383007,360.659954149929,26.8755982606414,29.2424135996575,-2.3668153390161
510800,138.981762643781,135.500113644349,142.990088303175,25.9555271518073,27.9517107255583,-1.996183573751
510900,238.081348587504,231.628622300007,245.485320821614,31.1255804848792,33.8331515178856,-2.7075710330064
511000,295.23000831175,287.189313276303,304.443731417222,33.8767453691387,36.8890254610431,-3.01228009190439
511100,228.933325226995,222.765712998699,236.008638979364,28.1148234556985,30.3516490998541,-2.2368256441556
511300,456.129226382126,444.143838088093,469.868659703605,31.401155974675,33.9860919594545,-2.5849359847795
511400,260.412723149861,253.365339846194,268.485409312292,31.3572471441461,34.1193289755039,-2.7620818313578
511500,299.23403041122,291.231017513658,308.454216722943,32.3260537685668,34.9976075055433,-2.6715537369765
511600,257.729194043439,251.028430913042,265.416283865717,31.0312119557609,33.7030083133144,-2.6717963575535
511700,325.605043470597,317.163448676357,335.307313289586,29.0855029662033,31.2281565851996,-2.1426536189963
511800,83.4876144519873,81.2492012727525,86.0593176418574,21.0435220860351,22.8390843004451,-1.79556221441
511900,163.476105588245,159.381828888389,168.167464174325,26.7387095243201,28.7271700999218,-1.9884605756017
512000,225.445686975223,219.368499339438,232.40042384801,31.5642130097119,34.3653439750727,-2.8011309653608
520100,134.151992420125,130.449728517542,138.428904399371,22.5335732066966,23.719421626264,-1.1858484195674
520200,62.4187315602316,60.741560994053,64.3526445821901,21.5823545734036,22.6358513879904,-1.0534968145868
520300,238.511959104673,232.287249303191,245.684502402431,23.2703832876093,24.8268323366912,-1.5564490490819
520400,55.5087663152252,54.021199964169,57.2208830593993,22.5151708626185,23.5455954900026,-1.0304246273841
530100,155.506086263314,151.165499235918,160.521336510235,19.2483549662451,20.0667162653065,-0.818361299061401
530300,116.297322779241,113.164727201769,119.914836335619,19.7845651948634,20.6899144141324,-0.905349219268999
530400,47.8005900702631,46.5031683404739,49.2971237036931,21.2101714719251,22.047685730583,-0.837514258657901
530500,44.7690348721177,43.5451716186367,46.1827190969529,19.2958196766055,19.9969946469701,-0.701174970364601
530600,145.084907007864,141.146046418819,149.634941013853,21.5988960087736,23.1331583815702,-1.5342623727966
530700,22.053891058964,21.4544600991974,22.7478689674021,15.0665145181436,15.7727280762126,-0.706213558068999
530900,36.8233415613737,35.814081147722,37.9933784852128,21.3889471518871,22.1589778496813,-0.770030697794201
610100,392.999748718818,382.159041947564,405.531424014002,38.0763854572687,39.9485336165473,-1.8721481592786
610200,24.329131710393,23.6883376584958,25.0695274820513,36.1148964190338,37.5751659161337,-1.4602694970999
610300,116.118631816995,113.153250973291,119.548187112688,30.7417716599999,32.1459795265529,-1.404207866553
610400,182.45475177174,177.695146943087,187.944057421269,40.9273009237681,42.7285684428489,-1.8012675190808
610500,151.955636263092,148.000819718595,156.521632146272,44.7906529955724,46.3151138585593,-1.5244608629869
610600,42.5236364440564,41.3796810269371,43.8517417849932,31.8745052465577,32.9090000046862,-1.0344947581285
610700,160.610415852201,156.539221908075,165.307063324883,25.7432432425059,27.4528033152743,-1.7095600727684
610800,47.7341106013426,46.4647608806328,49.2051254592648,32.8853446952866,33.5924991751924,-0.707154479905803
610900,82.8533684655554,80.734228111442,85.3122195687999,26.2563435591825,27.6077290115414,-1.3513854523589
611000,44.4148660509077,43.2873524871128,45.7231403292211,28.5792625713582,29.5689968062248,-0.989734234866599
620100,78.0689316757186,75.9639128398972,80.5023728892822,30.7149892668424,31.5904862016123,-0.875496934769899
620200,2.5238129080029,2.45754462830605,2.60051812590937,30.9637911741265,31.3930915003024,-0.429300326175902
620300,5.37576700257382,5.23941629862279,5.53381183234225,27.8524145101397,28.3881329177986,-0.535718407658901
620400,30.9177608147802,30.1270483133008,31.8310809603151,30.5336069507604,31.4314031663728,-0.897796215612399
620500,74.7511223835936,72.8131567097699,76.9919603964823,23.670471478124,24.7702556508407,-1.0997841727167
620600,19.2128296675163,18.7302960244049,19.7732941881162,29.3971406248636,30.0053701066067,-0.608229481743102
620700,9.1962458179438,8.97026456057971,9.45997941411552,23.9742539339253,24.3534032606601,-0.379149326734801
620800,51.143704212433,49.8601601454643,52.6272722655974,27.8705735187347,29.0613702495896,-1.1907967308549
620900,8.23738160265808,8.02847869980925,8.48131926748383,30.7257979986905,31.1288331932578,-0.403035194567302
621000,51.5802879606633,50.2783199302298,53.0859576450308,29.7167682681284,30.8344501785804,-1.117681910452
621100,56.3073480916872,54.8742813263206,57.9674558741118,25.4192955813063,26.397060999147,-0.9777654178407
630100,25.3380739050074,24.6606746803487,26.1237571109036,23.243297047589,23.7514961422636,-0.508199094674602
640100,32.2341642524909,31.3554758405565,33.2548215680681,35.5538541660752,36.3359952641377,-0.782141098062503
640200,10.4486132353203,10.1707638080434,10.7697540469461,36.1936844400431,36.8932122948879,-0.699527854844803
640300,18.3070386771928,17.8187859457028,18.8736750184923,32.3511081732139,33.2348536322888,-0.883745459074895
640400,20.1531684026808,19.6283469170423,20.7610021081889,26.4592566243212,27.4479261499292,-0.988669525608
650100,0,0,0,28.3164395415298,28.3164395415298,0
650200,0,0,0,33.4331867981487,33.4331867981487,0
