city_id,panel,record_type,estimate,group,lower,upper,label,n
110000,a,city,-0.6833903381768,-1.7 to -0.64,,,,
120000,a,city,-0.791939851339201,-1.7 to -0.64,,,,
130100,a,city,-0.537389663363399,-0.64 to -0.46,,,,
130200,a,city,-1.1730918853192,-1.7 to -0.64,,,,
130300,a,city,-1.4622897017875,-1.7 to -0.64,,,,
130400,a,city,-0.517253078260296,-0.64 to -0.46,,,,
130500,a,city,-0.513472653325103,-0.64 to -0.46,,,,
130600,a,city,-0.564840116827504,-0.64 to -0.46,,,,
130700,a,city,-0.4565298976263,-0.46 to -0.24,,,,
130800,a,city,-0.946856307767501,-1.7 to -0.64,,,,
130900,a,city,-0.608062655962506,-0.64 to -0.46,,,,
131000,a,city,-0.733567285906197,-1.7 to -0.64,,,,
131100,a,city,-0.544044540062899,-0.64 to -0.46,,,,
140100,a,city,-0.463655455538898,-0.64 to -0.46,,,,
140200,a,city,-0.407332361555401,-0.46 to -0.24,,,,
140300,a,city,-0.4358502554525,-0.46 to -0.24,,,,
140400,a,city,-0.510780563288499,-0.64 to -0.46,,,,
140500,a,city,-0.575866514813498,-0.64 to -0.46,,,,
140600,a,city,-0.405510689805499,-0.46 to -0.24,,,,
140700,a,city,-0.463019232888904,-0.64 to -0.46,,,,
140800,a,city,-1.203733099506,-1.7 to -0.64,,,,
140900,a,city,-0.402611608483099,-0.46 to -0.24,,,,
141000,a,city,-0.8017059876004,-1.7 to -0.64,,,,
141100,a,city,-0.544663950667996,-0.64 to -0.46,,,,
150100,a,city,-0.497363943160103,-0.64 to -0.46,,,,
150200,a,city,-0.476731538296598,-0.64 to -0.46,,,,
150300,a,city,-0.669494419311,-1.7 to -0.64,,,,
150400,a,city,-1.5039971824722,-1.7 to -0.64,,,,
150500,a,city,-2.7190676431454,-4.2 to -1.7,,,,
150600,a,city,-0.5647761933065,-0.64 to -0.46,,,,
150700,a,city,-1.9083378749809,-4.2 to -1.7,,,,
150800,a,city,-0.516395701790401,-0.64 to -0.46,,,,
150900,a,city,-0.271695258247302,-0.46 to -0.24,,,,
210100,a,city,-4.0090243014463,-4.2 to -1.7,,,,
210200,a,city,-2.6647902589279,-4.2 to -1.7,,,,
210300,a,city,-3.1769075137647,-4.2 to -1.7,,,,
210400,a,city,-3.1027782241015,-4.2 to -1.7,,,,
210500,a,city,-2.9236477275277,-4.2 to -1.7,,,,
210600,a,city,-2.8878414383699,-4.2 to -1.7,,,,
210700,a,city,-3.0785687271971,-4.2 to -1.7,,,,
210800,a,city,-3.2352198372271,-4.2 to -1.7,,,,
210900,a,city,-2.9456579090766,-4.2 to -1.7,,,,
211000,a,city,-3.5633858414691,-4.2 to -1.7,,,,
211100,a,city,-3.5058632624321,-4.2 to -1.7,,,,
211200,a,city,-3.59765824838949,-4.2 to -1.7,,,,
211300,a,city,-2.2165975924106,-4.2 to -1.7,,,,
211400,a,city,-2.144386726128,-4.2 to -1.7,,,,
220100,a,city,-4.1832172138537,-4.2 to -1.7,,,,
220200,a,city,-3.3317333021552,-4.2 to -1.7,,,,
220300,a,city,-3.6354063241632,-4.2 to -1.7,,,,
220400,a,city,-3.7477021684936,-4.2 to -1.7,,,,
220500,a,city,-2.9879130886307,-4.2 to -1.7,,,,
220600,a,city,-2.6192954346719,-4.2 to -1.7,,,,
220700,a,city,-3.5463088815447,-4.2 to -1.7,,,,
220800,a,city,-2.7304982742767,-4.2 to -1.7,,,,
230100,a,city,-3.52475468005051,-4.2 to -1.7,,,,
230200,a,city,-2.7754005594243,-4.2 to -1.7,,,,
230300,a,city,-2.6610080210395,-4.2 to -1.7,,,,
230400,a,city,-2.3192145207981,-4.2 to -1.7,,,,
230500,a,city,-2.5718023769193,-4.2 to -1.7,,,,
230600,a,city,-3.3075087981986,-4.2 to -1.7,,,,
230700,a,city,-2.089920739542,-4.2 to -1.7,,,,
230800,a,city,-2.6864295430488,-4.2 to -1.7,,,,
230900,a,city,-2.6640913638622,-4.2 to -1.7,,,,
231000,a,city,-2.5814116273075,-4.2 to -1.7,,,,
231100,a,city,-2.1595261578331,-4.2 to -1.7,,,,
231200,a,city,-3.4286655186121,-4.2 to -1.7,,,,
310000,a,city,-0.270112410560099,-0.46 to -0.24,,,,
320100,a,city,-0.3426256173111,-0.46 to -0.24,,,,
320200,a,city,-0.334679760093898,-0.46 to -0.24,,,,
320300,a,city,-0.454109948075299,-0.46 to -0.24,,,,
320400,a,city,-0.360311817236898,-0.46 to -0.24,,,,
320500,a,city,-0.309134323548996,-0.46 to -0.24,,,,
320600,a,city,-0.3669100201225,-0.46 to -0.24,,,,
320700,a,city,-0.432463130810497,-0.46 to -0.24,,,,
320800,a,city,-0.446559918740604,-0.46 to -0.24,,,,
320900,a,city,-0.294155409273998,-0.46 to -0.24,,,,
321000,a,city,-0.504547536492702,-0.64 to -0.46,,,,
321100,a,city,-0.392510875388304,-0.46 to -0.24,,,,
321200,a,city,-0.2879720736127,-0.46 to -0.24,,,,
321300,a,city,-0.443670949855495,-0.46 to -0.24,,,,
330100,a,city,-0.212294855098701,-0.24 to -0.068,,,,
330200,a,city,-0.1840575485008,-0.24 to -0.068,,,,
330300,a,city,-0.1534807991546,-0.24 to -0.068,,,,
330400,a,city,-0.263811304234899,-0.46 to -0.24,,,,
330500,a,city,-0.2640673485873,-0.46 to -0.24,,,,
330600,a,city,-0.204815318494099,-0.24 to -0.068,,,,
330700,a,city,-0.190854711938897,-0.24 to -0.068,,,,
330800,a,city,-0.189801134273601,-0.24 to -0.068,,,,
330900,a,city,-0.1919435004341,-0.24 to -0.068,,,,
331000,a,city,-0.164173539492499,-0.24 to -0.068,,,,
331100,a,city,-0.153023242304002,-0.24 to -0.068,,,,
340100,a,city,-0.3563546690173,-0.46 to -0.24,,,,
340200,a,city,-0.3092441953061,-0.46 to -0.24,,,,
340300,a,city,-0.430044578471701,-0.46 to -0.24,,,,
340400,a,city,-0.436361329816499,-0.46 to -0.24,,,,
340500,a,city,-0.328742711809994,-0.46 to -0.24,,,,
340600,a,city,-0.449158399612202,-0.46 to -0.24,,,,
340700,a,city,-0.315481824128703,-0.46 to -0.24,,,,
340800,a,city,-0.323042714558301,-0.46 to -0.24,,,,
341000,a,city,-0.1972751328424,-0.24 to -0.068,,,,
341100,a,city,-0.376851039899904,-0.46 to -0.24,,,,
341200,a,city,-0.500680768224797,-0.64 to -0.46,,,,
341300,a,city,-0.436351329546703,-0.46 to -0.24,,,,
341500,a,city,-0.373856088039901,-0.46 to -0.24,,,,
341600,a,city,-0.474834011767499,-0.64 to -0.46,,,,
341700,a,city,-0.2588477124728,-0.46 to -0.24,,,,
341800,a,city,-0.250393423332799,-0.46 to -0.24,,,,
350100,a,city,-0.147181112083398,-0.24 to -0.068,,,,
350200,a,city,-0.169774330838699,-0.24 to -0.068,,,,
350300,a,city,-0.1488356103503,-0.24 to -0.068,,,,
350400,a,city,-0.173873313162801,-0.24 to -0.068,,,,
350500,a,city,-0.158256529367801,-0.24 to -0.068,,,,
350600,a,city,-0.1898666821081,-0.24 to -0.068,,,,
350700,a,city,-0.1626395230568,-0.24 to -0.068,,,,
350800,a,city,-0.191445169943901,-0.24 to -0.068,,,,
350900,a,city,-0.1441898652504,-0.24 to -0.068,,,,
360100,a,city,-0.3495310819631,-0.46 to -0.24,,,,
360200,a,city,-0.227080417403997,-0.24 to -0.068,,,,
360300,a,city,-0.360606662548001,-0.46 to -0.24,,,,
360400,a,city,-0.368062642389297,-0.46 to -0.24,,,,
360500,a,city,-0.366666925269701,-0.46 to -0.24,,,,
360600,a,city,-0.2402676002561,-0.46 to -0.24,,,,
360700,a,city,-0.217181767576601,-0.24 to -0.068,,,,
360800,a,city,-0.304239975910498,-0.46 to -0.24,,,,
360900,a,city,-0.357368230593902,-0.46 to -0.24,,,,
361000,a,city,-0.238506371626301,-0.24 to -0.068,,,,
361100,a,city,-0.222927682999998,-0.24 to -0.068,,,,
370100,a,city,-0.462653123756297,-0.64 to -0.46,,,,
370200,a,city,-0.478109973748197,-0.64 to -0.46,,,,
370300,a,city,-0.476441700393998,-0.64 to -0.46,,,,
370400,a,city,-0.475406448722502,-0.64 to -0.46,,,,
370500,a,city,-0.569822174711604,-0.64 to -0.46,,,,
370600,a,city,-0.586148771897001,-0.64 to -0.46,,,,
370700,a,city,-0.484988338338404,-0.64 to -0.46,,,,
370800,a,city,-0.472034035365802,-0.64 to -0.46,,,,
370900,a,city,-0.462636260034806,-0.64 to -0.46,,,,
371000,a,city,-0.522759038911801,-0.64 to -0.46,,,,
371100,a,city,-0.416123435350904,-0.46 to -0.24,,,,
371300,a,city,-0.439207791727398,-0.46 to -0.24,,,,
371400,a,city,-0.507544187998597,-0.64 to -0.46,,,,
371500,a,city,-0.500686412633499,-0.64 to -0.46,,,,
371600,a,city,-0.543062201177499,-0.64 to -0.46,,,,
371700,a,city,-0.495054375502797,-0.64 to -0.46,,,,
410100,a,city,-0.6314646316698,-0.64 to -0.46,,,,
410200,a,city,-0.568461543885697,-0.64 to -0.46,,,,
410300,a,city,-0.833496239546996,-1.7 to -0.64,,,,
410400,a,city,-0.723723185842403,-1.7 to -0.64,,,,
410500,a,city,-0.456426630439594,-0.46 to -0.24,,,,
410600,a,city,-0.471252556569105,-0.64 to -0.46,,,,
410700,a,city,-0.536771899260799,-0.64 to -0.46,,,,
410800,a,city,-0.672907297285796,-1.7 to -0.64,,,,
410900,a,city,-0.513124959215297,-0.64 to -0.46,,,,
411000,a,city,-0.650688359492698,-1.7 to -0.64,,,,
411100,a,city,-0.663987293199106,-1.7 to -0.64,,,,
411200,a,city,-0.989910272337902,-1.7 to -0.64,,,,
411300,a,city,-0.858283089964601,-1.7 to -0.64,,,,
411400,a,city,-0.500373739019501,-0.64 to -0.46,,,,
411500,a,city,-0.536076366765997,-0.64 to -0.46,,,,
411600,a,city,-0.5627358543165,-0.64 to -0.46,,,,
411700,a,city,-0.626883942908002,-0.64 to -0.46,,,,
420100,a,city,-0.621358405373101,-0.64 to -0.46,,,,
420200,a,city,-0.466029294175904,-0.64 to -0.46,,,,
420300,a,city,-1.0514239898723,-1.7 to -0.64,,,,
420500,a,city,-0.890876492228401,-1.7 to -0.64,,,,
420600,a,city,-0.944459407749399,-1.7 to -0.64,,,,
420700,a,city,-0.544811807496998,-0.64 to -0.46,,,,
420800,a,city,-0.771779994978601,-1.7 to -0.64,,,,
420900,a,city,-0.525890073531798,-0.64 to -0.46,,,,
421000,a,city,-0.755439961368296,-1.7 to -0.64,,,,
421100,a,city,-0.432071500076798,-0.46 to -0.24,,,,
421200,a,city,-0.489180413843499,-0.64 to -0.46,,,,
421300,a,city,-0.7676512845294,-1.7 to -0.64,,,,
430100,a,city,-0.564113589369001,-0.64 to -0.46,,,,
430200,a,city,-0.379571352435598,-0.46 to -0.24,,,,
430300,a,city,-0.584342860200195,-0.64 to -0.46,,,,
430400,a,city,-0.4519858378709,-0.46 to -0.24,,,,
430500,a,city,-0.458935817710898,-0.64 to -0.46,,,,
430600,a,city,-0.642640823548497,-1.7 to -0.64,,,,
430700,a,city,-0.7998170355323,-1.7 to -0.64,,,,
430800,a,city,-0.805476884751599,-1.7 to -0.64,,,,
430900,a,city,-0.624707233935204,-0.64 to -0.46,,,,
431000,a,city,-0.261472718646502,-0.46 to -0.24,,,,
431100,a,city,-0.302224664818301,-0.46 to -0.24,,,,
431200,a,city,-0.557706286830701,-0.64 to -0.46,,,,
431300,a,city,-0.604866197481101,-0.64 to -0.46,,,,
440100,a,city,-0.137429157474198,-0.24 to -0.068,,,,
440200,a,city,-0.190276379464603,-0.24 to -0.068,,,,
440300,a,city,-0.1195222527403,-0.24 to -0.068,,,,
440400,a,city,-0.108058626809498,-0.24 to -0.068,,,,
440500,a,city,-0.1944338225697,-0.24 to -0.068,,,,
440600,a,city,-0.132034521503503,-0.24 to -0.068,,,,
440700,a,city,-0.1107255000138,-0.24 to -0.068,,,,
440800,a,city,-0.108906374192298,-0.24 to -0.068,,,,
440900,a,city,-0.1137931938968,-0.24 to -0.068,,,,
441200,a,city,-0.141471685187501,-0.24 to -0.068,,,,
441300,a,city,-0.1411554540284,-0.24 to -0.068,,,,
441400,a,city,-0.108390349302301,-0.24 to -0.068,,,,
441500,a,city,-0.162476222349802,-0.24 to -0.068,,,,
441600,a,city,-0.1869643493947,-0.24 to -0.068,,,,
441700,a,city,-0.106616165068001,-0.24 to -0.068,,,,
441800,a,city,-0.167819805375,-0.24 to -0.068,,,,
441900,a,city,-0.1323655857652,-0.24 to -0.068,,,,
442000,a,city,-0.111551067468397,-0.24 to -0.068,,,,
445100,a,city,-0.221107183007398,-0.24 to -0.068,,,,
445200,a,city,-0.200989886402603,-0.24 to -0.068,,,,
445300,a,city,-0.121450119459102,-0.24 to -0.068,,,,
450100,a,city,-0.174198629989,-0.24 to -0.068,,,,
450200,a,city,-0.2487317204716,-0.46 to -0.24,,,,
450300,a,city,-0.2392395054211,-0.46 to -0.24,,,,
450400,a,city,-0.1486743127554,-0.24 to -0.068,,,,
450500,a,city,-0.132556318822999,-0.24 to -0.068,,,,
450600,a,city,-0.146248851819998,-0.24 to -0.068,,,,
450700,a,city,-0.142850420726802,-0.24 to -0.068,,,,
450800,a,city,-0.1617488174839,-0.24 to -0.068,,,,
450900,a,city,-0.134325455878301,-0.24 to -0.068,,,,
451000,a,city,-0.455584347467902,-0.46 to -0.24,,,,
451100,a,city,-0.1758266516097,-0.24 to -0.068,,,,
451200,a,city,-0.345737538675799,-0.46 to -0.24,,,,
451300,a,city,-0.181754428441199,-0.24 to -0.068,,,,
451400,a,city,-0.1766442739595,-0.24 to -0.068,,,,
460100,a,city,-0.0725830083552985,-0.24 to -0.068,,,,
460200,a,city,-0.0675141844881004,-0.24 to -0.068,,,,
500000,a,city,-2.0744575010887,-4.2 to -1.7,,,,
510100,a,city,-2.96169900365251,-4.2 to -1.7,,,,
510300,a,city,-3.1764543536257,-4.2 to -1.7,,,,
510400,a,city,-1.0089877405474,-1.7 to -0.64,,,,
510500,a,city,-2.3423415924896,-4.2 to -1.7,,,,
510600,a,city,-2.71231675566609,-4.2 to -1.7,,,,
510700,a,city,-2.3668153390161,-4.2 to -1.7,,,,
510800,a,city,-1.996183573751,-4.2 to -1.7,,,,
510900,a,city,-2.7075710330064,-4.2 to -1.7,,,,
511000,a,city,-3.01228009190439,-4.2 to -1.7,,,,
511100,a,city,-2.2368256441556,-4.2 to -1.7,,,,
511300,a,city,-2.5849359847795,-4.2 to -1.7,,,,
511400,a,city,-2.7620818313578,-4.2 to -1.7,,,,
511500,a,city,-2.6715537369765,-4.2 to -1.7,,,,
511600,a,city,-2.6717963575535,-4.2 to -1.7,,,,
511700,a,city,-2.1426536189963,-4.2 to -1.7,,,,
511800,a,city,-1.79556221441,-4.2 to -1.7,,,,
511900,a,city,-1.9884605756017,-4.2 to -1.7,,,,
512000,a,city,-2.8011309653608,-4.2 to -1.7,,,,
520100,a,city,-1.1858484195674,-1.7 to -0.64,,,,
520200,a,city,-1.0534968145868,-1.7 to -0.64,,,,
520300,a,city,-1.5564490490819,-1.7 to -0.64,,,,
520400,a,city,-1.0304246273841,-1.7 to -0.64,,,,
530100,a,city,-0.818361299061401,-1.7 to -0.64,,,,
530300,a,city,-0.905349219268999,-1.7 to -0.64,,,,
530400,a,city,-0.837514258657901,-1.7 to -0.64,,,,
530500,a,city,-0.701174970364601,-1.7 to -0.64,,,,
530600,a,city,-1.5342623727966,-1.7 to -0.64,,,,
530700,a,city,-0.706213558068999,-1.7 to -0.64,,,,
530900,a,city,-0.770030697794201,-1.7 to -0.64,,,,
610100,a,city,-1.8721481592786,-4.2 to -1.7,,,,
610200,a,city,-1.4602694970999,-1.7 to -0.64,,,,
610300,a,city,-1.404207866553,-1.7 to -0.64,,,,
610400,a,city,-1.8012675190808,-4.2 to -1.7,,,,
610500,a,city,-1.5244608629869,-1.7 to -0.64,,,,
610600,a,city,-1.0344947581285,-1.7 to -0.64,,,,
610700,a,city,-1.7095600727684,-1.7 to -0.64,,,,
610800,a,city,-0.707154479905803,-1.7 to -0.64,,,,
610900,a,city,-1.3513854523589,-1.7 to -0.64,,,,
611000,a,city,-0.989734234866599,-1.7 to -0.64,,,,
620100,a,city,-0.875496934769899,-1.7 to -0.64,,,,
620200,a,city,-0.429300326175902,-0.46 to -0.24,,,,
620300,a,city,-0.535718407658901,-0.64 to -0.46,,,,
620400,a,city,-0.897796215612399,-1.7 to -0.64,,,,
620500,a,city,-1.0997841727167,-1.7 to -0.64,,,,
620600,a,city,-0.608229481743102,-0.64 to -0.46,,,,
620700,a,city,-0.379149326734801,-0.46 to -0.24,,,,
620800,a,city,-1.1907967308549,-1.7 to -0.64,,,,
620900,a,city,-0.403035194567302,-0.46 to -0.24,,,,
621000,a,city,-1.117681910452,-1.7 to -0.64,,,,
621100,a,city,-0.9777654178407,-1.7 to -0.64,,,,
630100,a,city,-0.508199094674602,-0.64 to -0.46,,,,
640100,a,city,-0.782141098062503,-1.7 to -0.64,,,,
640200,a,city,-0.699527854844803,-1.7 to -0.64,,,,
640300,a,city,-0.883745459074895,-1.7 to -0.64,,,,
640400,a,city,-0.988669525608,-1.7 to -0.64,,,,
650100,a,city,0,0,,,,
650200,a,city,0,0,,,,
110000,b,city,334.120489446433,131-1879,,,,
120000,b,city,223.622417108817,131-1879,,,,
130100,b,city,99.3782863500775,64-131,,,,
130200,b,city,197.416397217493,131-1879,,,,
130300,b,city,110.942702719955,64-131,,,,
130400,b,city,69.7635270752436,64-131,,,,
130500,b,city,56.6022540803915,37- 64,,,,
130600,b,city,119.925085540109,64-131,,,,
130700,b,city,56.8490250675016,37- 64,,,,
130800,b,city,80.3009825400501,64-131,,,,
130900,b,city,78.2042526193793,64-131,,,,
131000,b,city,62.8095867204543,37- 64,,,,
131100,b,city,42.7360504101877,37- 64,,,,
140100,b,city,45.3935050234393,37- 64,,,,
140200,b,city,31.3590958162147,19- 37,,,,
140300,b,city,12.0467948768241,1.3- 19,,,,
140400,b,city,29.6692332154971,19- 37,,,,
140500,b,city,22.5877558530077,19- 37,,,,
140600,b,city,14.2713130322639,1.3- 19,,,,
140700,b,city,31.0653156639769,19- 37,,,,
140800,b,city,104.617881215902,64-131,,,,
140900,b,city,28.3874066375652,19- 37,,,,
141000,b,city,56.966328795546,37- 64,,,,
141100,b,city,34.4225590411304,19- 37,,,,
150100,b,city,35.4654201119467,19- 37,,,,
150200,b,city,33.156595081349,19- 37,,,,
150300,b,city,7.2320382093742,1.3- 19,,,,
150400,b,city,148.430340118697,131-1879,,,,
150500,b,city,154.323927379329,131-1879,,,,
150600,b,city,21.959987601038,19- 37,,,,
150700,b,city,131.430016342874,131-1879,,,,
150800,b,city,19.138581183435,19- 37,,,,
150900,b,city,16.9162102565931,1.3- 19,,,,
210100,b,city,825.423073721676,131-1879,,,,
210200,b,city,541.213929725732,131-1879,,,,
210300,b,city,302.288334114007,131-1879,,,,
210400,b,city,188.326929372383,131-1879,,,,
210500,b,city,124.083842568971,64-131,,,,
210600,b,city,203.48426328132,131-1879,,,,
210700,b,city,234.323987316515,131-1879,,,,
210800,b,city,196.406785397809,131-1879,,,,
210900,b,city,131.204490489282,64-131,,,,
211000,b,city,155.858967997787,131-1879,,,,
211100,b,city,106.5757333404,64-131,,,,
211200,b,city,224.667552981825,131-1879,,,,
211300,b,city,164.001004528471,131-1879,,,,
211400,b,city,139.267305743396,131-1879,,,,
220100,b,city,773.953521860327,131-1879,,,,
220200,b,city,323.65174291993,131-1879,,,,
220300,b,city,159.342215686682,131-1879,,,,
220400,b,city,94.9502049405642,64-131,,,,
220500,b,city,146.068265315363,131-1879,,,,
220600,b,city,82.0250034791864,64-131,,,,
220700,b,city,172.505640509137,131-1879,,,,
220800,b,city,110.448427367854,64-131,,,,
230100,b,city,821.159220946424,131-1879,,,,
230200,b,city,311.994924919818,131-1879,,,,
230300,b,city,128.636723494018,64-131,,,,
230400,b,city,69.3397274302171,64-131,,,,
230500,b,city,97.2849897583965,64-131,,,,
230600,b,city,213.006970598183,131-1879,,,,
230700,b,city,72.5915173048038,64-131,,,,
230800,b,city,155.95720727618,131-1879,,,,
230900,b,city,48.3396500324777,37- 64,,,,
231000,b,city,190.744496739382,131-1879,,,,
231100,b,city,83.8615674369657,64-131,,,,
231200,b,city,313.773680685543,131-1879,,,,
310000,b,city,194.483470517606,131-1879,,,,
320100,b,city,72.6408015044459,64-131,,,,
320200,b,city,58.9653214541156,37- 64,,,,
320300,b,city,83.483255127841,64-131,,,,
320400,b,city,44.2451964985693,37- 64,,,,
320500,b,city,83.4939928169927,64-131,,,,
320600,b,city,108.770392320789,64-131,,,,
320700,b,city,42.856613476267,37- 64,,,,
320800,b,city,50.064668903465,37- 64,,,,
320900,b,city,61.4681345836047,37- 64,,,,
321000,b,city,67.8309373091401,64-131,,,,
321100,b,city,33.2654157264424,19- 37,,,,
321200,b,city,44.0395741738717,37- 64,,,,
321300,b,city,45.5900368282017,37- 64,,,,
330100,b,city,58.1008204912424,37- 64,,,,
330200,b,city,43.5893172543017,37- 64,,,,
330300,b,city,37.3220630214809,19- 37,,,,
330400,b,city,34.9461944153025,19- 37,,,,
330500,b,city,24.2453391562529,19- 37,,,,
330600,b,city,31.7864632146799,19- 37,,,,
330700,b,city,31.0654546973832,19- 37,,,,
330800,b,city,15.1876857119579,1.3- 19,,,,
330900,b,city,7.41546342138203,1.3- 19,,,,
331000,b,city,31.9070761290041,19- 37,,,,
331100,b,city,12.7681571005706,1.3- 19,,,,
340100,b,city,64.7174456734959,64-131,,,,
340200,b,city,29.0297826064035,19- 37,,,,
340300,b,city,30.1057967546536,19- 37,,,,
340400,b,city,31.5674176944509,19- 37,,,,
340500,b,city,19.5998455239728,19- 37,,,,
340600,b,city,17.4148111958453,1.3- 19,,,,
340700,b,city,11.5776718261846,1.3- 19,,,,
340800,b,city,37.5500451252264,37- 64,,,,
341000,b,city,8.75074438093859,1.3- 19,,,,
341100,b,city,37.1951885615486,19- 37,,,,
341200,b,city,77.8690198605275,64-131,,,,
341300,b,city,48.8622550122483,37- 64,,,,
341500,b,city,42.5645805945159,37- 64,,,,
341600,b,city,43.9307401924462,37- 64,,,,
341700,b,city,9.76386000890617,1.3- 19,,,,
341800,b,city,18.9878478315723,19- 37,,,,
350100,b,city,30.2694570444107,19- 37,,,,
350200,b,city,12.3197733560859,1.3- 19,,,,
350300,b,city,12.461942138391,1.3- 19,,,,
350400,b,city,12.8927396623011,1.3- 19,,,,
350500,b,city,27.5847167449855,19- 37,,,,
350600,b,city,24.9245622567795,19- 37,,,,
350700,b,city,13.531705181679,1.3- 19,,,,
350800,b,city,15.0751456782165,1.3- 19,,,,
350900,b,city,12.3444336903967,1.3- 19,,,,
360100,b,city,40.617800856585,37- 64,,,,
360200,b,city,7.80564612134831,1.3- 19,,,,
360300,b,city,15.6742938853534,1.3- 19,,,,
360400,b,city,37.2625413979556,19- 37,,,,
360500,b,city,9.77091173870886,1.3- 19,,,,
360600,b,city,6.10431329426814,1.3- 19,,,,
360700,b,city,42.9900113333706,37- 64,,,,
360800,b,city,31.4848843556181,19- 37,,,,
360900,b,city,40.2991155021589,37- 64,,,,
361000,b,city,19.142284607789,19- 37,,,,
361100,b,city,32.546918154496,19- 37,,,,
370100,b,city,79.3372663923468,64-131,,,,
370200,b,city,107.695163611078,64-131,,,,
370300,b,city,50.5452757158682,37- 64,,,,
370400,b,city,33.5090183321065,19- 37,,,,
370500,b,city,25.0540597112145,19- 37,,,,
370600,b,city,119.717574941691,64-131,,,,
370700,b,city,99.0167722065384,64-131,,,,
370800,b,city,72.7209055230662,64-131,,,,
370900,b,city,50.6264322036914,37- 64,,,,
371000,b,city,50.4333057971052,37- 64,,,,
371100,b,city,29.2317938790416,19- 37,,,,
371300,b,city,97.2408596513087,64-131,,,,
371400,b,city,53.4829106337758,37- 64,,,,
371500,b,city,49.7463614148798,37- 64,,,,
371600,b,city,43.520216530138,37- 64,,,,
371700,b,city,77.9398713297063,64-131,,,,
410100,b,city,98.0585521528419,64-131,,,,
410200,b,city,46.9828426878636,37- 64,,,,
410300,b,city,110.44934850129,64-131,,,,
410400,b,city,66.6804172327977,64-131,,,,
410500,b,city,38.3660319357783,37- 64,,,,
410600,b,city,10.4602996745862,1.3- 19,,,,
410700,b,city,54.3756412907525,37- 64,,,,
410800,b,city,38.5292366078128,37- 64,,,,
410900,b,city,28.8052417979932,19- 37,,,,
411000,b,city,52.5635247222376,37- 64,,,,
411100,b,city,30.9812796381834,19- 37,,,,
411200,b,city,41.5674473061463,37- 64,,,,
411300,b,city,160.525796261337,131-1879,,,,
411400,b,city,70.5347622596141,64-131,,,,
411500,b,city,70.5305027350906,64-131,,,,
411600,b,city,94.6129068610717,64-131,,,,
411700,b,city,91.5075997316722,64-131,,,,
420100,b,city,145.755449730142,131-1879,,,,
420200,b,city,23.1389118106244,19- 37,,,,
420300,b,city,75.9427899585983,64-131,,,,
420500,b,city,101.399632604353,64-131,,,,
420600,b,city,109.439424715831,64-131,,,,
420700,b,city,12.0098903080138,1.3- 19,,,,
420800,b,city,48.190741218563,37- 64,,,,
420900,b,city,52.1077415319658,37- 64,,,,
421000,b,city,101.678413606958,64-131,,,,
421100,b,city,62.7168347732124,37- 64,,,,
421200,b,city,27.4745108920435,19- 37,,,,
421300,b,city,35.517244101473,19- 37,,,,
430100,b,city,107.567563616015,64-131,,,,
430200,b,city,37.7032564646185,37- 64,,,,
430300,b,city,42.8613267330392,37- 64,,,,
430400,b,city,71.9964897143128,64-131,,,,
430500,b,city,83.4944225354186,64-131,,,,
430600,b,city,80.348365334745,64-131,,,,
430700,b,city,126.51572032446,64-131,,,,
430800,b,city,36.3395357094228,19- 37,,,,
430900,b,city,69.4479388008696,64-131,,,,
431000,b,city,29.132671103031,19- 37,,,,
431100,b,city,41.0863706815212,37- 64,,,,
431200,b,city,73.3112047381763,64-131,,,,
431300,b,city,57.5978635222339,37- 64,,,,
440100,b,city,43.4892669373472,37- 64,,,,
440200,b,city,14.7351644885505,1.3- 19,,,,
440300,b,city,18.2850760382318,1.3- 19,,,,
440400,b,city,4.08335963620075,1.3- 19,,,,
440500,b,city,23.7188400163286,19- 37,,,,
440600,b,city,19.4765547229064,19- 37,,,,
440700,b,city,13.9644371601009,1.3- 19,,,,
440800,b,city,20.4085894201952,19- 37,,,,
440900,b,city,18.4488735250262,1.3- 19,,,,
441200,b,city,13.6575099997643,1.3- 19,,,,
441300,b,city,14.1293528954242,1.3- 19,,,,
441400,b,city,12.9017096683816,1.3- 19,,,,
441500,b,city,10.562807155747,1.3- 19,,,,
441600,b,city,13.9067429166118,1.3- 19,,,,
441700,b,city,7.81771098566488,1.3- 19,,,,
441800,b,city,15.9620811010231,1.3- 19,,,,
441900,b,city,13.3116370232734,1.3- 19,,,,
442000,b,city,6.8673644797285,1.3- 19,,,,
445100,b,city,14.8915744359975,1.3- 19,,,,
445200,b,city,26.1877375909674,19- 37,,,,
445300,b,city,7.50377699909503,1.3- 19,,,,
450100,b,city,31.160678297483,19- 37,,,,
450200,b,city,24.8389376365623,19- 37,,,,
450300,b,city,32.7889896790104,19- 37,,,,
450400,b,city,10.3263298256487,1.3- 19,,,,
450500,b,city,5.92429498417208,1.3- 19,,,,
450600,b,city,3.28825617454572,1.3- 19,,,,
450700,b,city,10.6065709016102,1.3- 19,,,,
450800,b,city,16.2619339854257,1.3- 19,,,,
450900,b,city,17.6680033630925,1.3- 19,,,,
451000,b,city,38.999223629431,37- 64,,,,
451100,b,city,8.87854713271534,1.3- 19,,,,
451200,b,city,30.2417389509458,19- 37,,,,
451300,b,city,9.64135671880931,1.3- 19,,,,
451400,b,city,9.30775819946756,1.3- 19,,,,
460100,b,city,4.97807540820448,1.3- 19,,,,
460200,b,city,1.32719089164775,1.3- 19,,,,
500000,b,city,1878.50229662145,131-1879,,,,
510100,b,city,1362.24005278605,131-1879,,,,
510300,b,city,246.486045783212,131-1879,,,,
510400,b,city,37.7579309031664,37- 64,,,,
510500,b,city,280.385785859054,131-1879,,,,
510600,b,city,287.690370389658,131-1879,,,,
510700,b,city,350.04694894161,131-1879,,,,
510800,b,city,138.981762643781,131-1879,,,,
510900,b,city,238.081348587504,131-1879,,,,
511000,b,city,295.23000831175,131-1879,,,,
511100,b,city,228.933325226995,131-1879,,,,
511300,b,city,456.129226382126,131-1879,,,,
511400,b,city,260.412723149861,131-1879,,,,
511500,b,city,299.23403041122,131-1879,,,,
511600,b,city,257.729194043439,131-1879,,,,
511700,b,city,325.605043470597,131-1879,,,,
511800,b,city,83.4876144519873,64-131,,,,
511900,b,city,163.476105588245,131-1879,,,,
512000,b,city,225.445686975223,131-1879,,,,
520100,b,city,134.151992420125,131-1879,,,,
520200,b,city,62.4187315602316,37- 64,,,,
520300,b,city,238.511959104673,131-1879,,,,
520400,b,city,55.5087663152252,37- 64,,,,
530100,b,city,155.506086263314,131-1879,,,,
530300,b,city,116.297322779241,64-131,,,,
530400,b,city,47.8005900702631,37- 64,,,,
530500,b,city,44.7690348721177,37- 64,,,,
530600,b,city,145.084907007864,131-1879,,,,
530700,b,city,22.053891058964,19- 37,,,,
530900,b,city,36.8233415613737,19- 37,,,,
610100,b,city,392.999748718818,131-1879,,,,
610200,b,city,24.329131710393,19- 37,,,,
610300,b,city,116.118631816995,64-131,,,,
610400,b,city,182.45475177174,131-1879,,,,
610500,b,city,151.955636263092,131-1879,,,,
610600,b,city,42.5236364440564,37- 64,,,,
610700,b,city,160.610415852201,131-1879,,,,
610800,b,city,47.7341106013426,37- 64,,,,
610900,b,city,82.8533684655554,64-131,,,,
611000,b,city,44.4148660509077,37- 64,,,,
620100,b,city,78.0689316757186,64-131,,,,
620200,b,city,2.5238129080029,1.3- 19,,,,
620300,b,city,5.37576700257382,1.3- 19,,,,
620400,b,city,30.9177608147802,19- 37,,,,
620500,b,city,74.7511223835936,64-131,,,,
620600,b,city,19.2128296675163,19- 37,,,,
620700,b,city,9.1962458179438,1.3- 19,,,,
620800,b,city,51.143704212433,37- 64,,,,
620900,b,city,8.23738160265808,1.3- 19,,,,
621000,b,city,51.5802879606633,37- 64,,,,
621100,b,city,56.3073480916872,37- 64,,,,
630100,b,city,25.3380739050074,19- 37,,,,
640100,b,city,32.2341642524909,19- 37,,,,
640200,b,city,10.4486132353203,1.3- 19,,,,
640300,b,city,18.3070386771928,1.3- 19,,,,
640400,b,city,20.1531684026808,19- 37,,,,
650100,b,city,0,0,,,,
650200,b,city,0,0,,,,
,c,estimate,63.3898196201072,25-29,57.7232771651612,70.0071088872815,,
,c,estimate,135.583586704477,30-34,125.091683499761,147.903898437441,,
,c,estimate,189.013650941416,35-39,176.079529881336,204.861903741904,,
,c,estimate,333.297003998074,40-44,316.114896704016,352.476650803449,,
,c,estimate,733.668960482673,45-49,707.037713527914,766.499311577769,,
,c,estimate,1247.56718942158,50-54,1208.73640626705,1293.7740443879,,
,c,estimate,1654.97735434832,55-59,1614.77730672565,1706.54277429275,,
,c,estimate,2063.64451833271,60-64,2018.9133757732,2118.40264279599,,
,c,estimate,3292.00123039164,65-69,3229.39960021869,3369.64773679433,,
,c,estimate,3638.68258665342,70-74,3573.63625039345,3714.31711561341,,
,c,estimate,3916.31936737062,75-79,3844.21451888336,3991.48238178285,,
,c,estimate,4132.19486042879,80-84,4049.43468897006,4223.49293124519,,
,c,estimate,5915.29948725932,85+,5658.67459516581,6204.99486407281,,
,d,estimate,58.2605330629274,Male,,,,
,d,estimate,41.7394669370726,Female,,,,
,e,estimate,76.4927998241006,Age 65+,,,,
,e,estimate,51.1202150540289,Age 75+,,,,
,e,estimate,21.6553577746157,Age 85+,,,,
,f,estimate,8216.24367336111,Depopulating,7998.26326769266,8467.68262028941,"Depopulating
(n = 47)",47
,f,estimate,19099.3959425921,Non-depopulating,18581.5705754828,19696.7207441437,"Non-depopulating
(n = 234)",234
,g,estimate,8216.24367336111,Depopulating,7998.26326769266,8467.68262028941,"Depopulating
(n = 47)",47
,g,estimate,12888.8831916351,Non-depopulating: high positive connected exposure,12542.202008289,13288.7597568621,"High connected
(n = 83)",83
,g,estimate,3979.70780970334,Non-depopulating: low positive connected exposure,3869.50508012709,4106.80654324743,"Low connected
(n = 84)",84
,g,estimate,2230.80494125361,Non-depopulating: zero connected exposure,2169.86348706672,2301.15444403409,"Zero connected
(n = 67)",67
